city,name,district,address,order_count,population,region,groups_count,registered_count,phone,capacity,city_size
Yerevan,1 Մանկապարտեզ,Կորյունի 8,(+374 10) 58-76-96,63,1093000,Capital,0,0,nan,0,Major City
Yerevan,2 Մանկապարտեզ,Կենտրոն,Մաշտոցի 21ա,74,1093000,Capital,8,241,nan,0,Major City
Yerevan,3 Մանկապարտեզ,Կենտրոն,Ս. Վրացյան 80,46,1093000,Capital,7,198,nan,0,Major City
Yerevan,4 Մանկապարտեզ,Կենտրոն,Գ. Լուսավորչի 15/1,78,1093000,Capital,4,107,nan,0,Major City
Yerevan,5 Մանկապարտեզ,Կենտրոն,Սախարովի 11,82,1093000,Capital,6,185,nan,0,Major City
Yerevan,6 Մանկապարտեզ,Կենտրոն,Վարդանանց 16,22,1093000,Capital,3,88,nan,0,Major City
Yerevan,7 Մանկապարտեզ,Կենտրոն,Մաշտոցի 45/2,46,1093000,Capital,6,173,nan,0,Major City
Yerevan,8 Մանկապարտեզ,Չարենցի 38,+(374 10)55-16-20,56,1093000,Capital,4,111,nan,0,Major City
Yerevan,9 Մանկապարտեզ,Կենտրոն,Հանրապետության 62,13,1093000,Capital,3,81,nan,0,Major City
Yerevan,10 Մանկապարտեզ,Մաշտոցի 20,+(374 10 ) 58-91-02,25,1093000,Capital,4,109,nan,0,Major City
Yerevan,11 Մանկապարտեզ,Կենտրոն,Ռուսթավելու 19,1,1093000,Capital,0,0,nan,0,Major City
Yerevan,12 Մանկապարտեզ,Կենտրոն,Մոսկովյան 31,12,1093000,Capital,3,52,nan,0,Major City
Yerevan,13 Մանկապարտեզ,Կենտրոն,Բաղրամյան 21,4,1093000,Capital,4,110,nan,0,Major City
Yerevan,14 Մանկապարտեզ,Այասի 71,+(374 10)56-28-74,2,1093000,Capital,3,74,nan,0,Major City
Yerevan,15 Մանկապարտեզ,Կենտրոն,Չարենցի փ. 90,74,1093000,Capital,6,184,nan,0,Major City
Yerevan,16 Մանկապարտեզ,Կենտրոն,Հանրապետության 71,24,1093000,Capital,4,105,nan,0,Major City
Yerevan,17 Մանկապարտեզ,Կենտրոն,Տ. Մեծի 36ա,48,1093000,Capital,8,139,nan,0,Major City
Yerevan,18 Մանկապարտեզ,Կենտրոն,"Այգեստան 9-րդ փող., 29",7,1093000,Capital,3,70,nan,0,Major City
Yerevan,19 Մանկապարտեզ,Կենտրոն,Մայիսյան 22ա,49,1093000,Capital,6,178,nan,0,Major City
Yerevan,20 Մանկապարտեզ,Կենտրոն,Եզ. Կողբացու 2ա,19,1093000,Capital,4,104,nan,0,Major City
Yerevan,21 Մանկապարտեզ,Կենտրոն,Տ. Մեծի 31ա,58,1093000,Capital,3,92,nan,0,Major City
Yerevan,22 Մանկապարտեզ,Արաբկիր,Գրիբոյեդովի 2/2,132,1093000,Capital,8,246,nan,0,Major City
Yerevan,23 Մանկապարտեզ,Արաբկիր,Վրացական 19,132,1093000,Capital,7,213,nan,0,Major City
Yerevan,24 Մանկապարտեզ,Արաբկիր,Ղափանցյան 12/3,6,1093000,Capital,3,56,nan,0,Major City
Yerevan,25 Մանկապարտեզ,Արաբկիր,Շիրվանզադեի 5/1,123,1093000,Capital,10,295,nan,0,Major City
Yerevan,26 Մանկապարտեզ,Փափազյան 8,+(374 10)26-92-27,57,1093000,Capital,6,185,nan,0,Major City
Yerevan,27 Մանկապարտեզ,Կիևյան 7,+(374 11)22-72-60,5,1093000,Capital,4,74,nan,0,Major City
Yerevan,28 Մանկապարտեզ,Կիևյան 5,+(374 10)27-14-12,43,1093000,Capital,5,138,nan,0,Major City
Yerevan,29 Մանկապարտեզ,Կոմիտաս 30,+(374 10)22-27-93,29,1093000,Capital,4,112,nan,0,Major City
Yerevan,30 Մանկապարտեզ,Արաբկիր,Կոմիտասի 58/4,56,1093000,Capital,3,87,nan,0,Major City
Yerevan,31 Մանկապարտեզ,Արաբկիր,Գրիգոր Արծրունու 57,65,1093000,Capital,10,291,nan,0,Major City
Yerevan,32 Մանկապարտեզ,Արաբկիր,Գրիգոր Արծրունու 25,74,1093000,Capital,8,233,nan,0,Major City
Yerevan,33 Մանկապարտեզ,Արաբկիր,Ա. Խաչատրյան 28/1,23,1093000,Capital,9,239,nan,0,Major City
Yerevan,34 Մանկապարտեզ,Արաբկիր,"Քանաքեռ, Շրջանցիկ թունել",3,1093000,Capital,2,50,nan,0,Major City
Yerevan,35 Մանկապարտեզ,Աջափնյակ,Բաշինջաղյան 184/5,72,1093000,Capital,10,297,nan,0,Major City
Yerevan,36 Մանկապարտեզ,Աջափնյակ,"15 թաղ., Բաշինջաղյան 2-րդ նրբ",77,1093000,Capital,9,274,nan,0,Major City
Yerevan,37 Մանկապարտեզ,Աջափնյակ,"Սիլիկյան թաղ., 10-րդ փ.",43,1093000,Capital,8,217,nan,0,Major City
Yerevan,38 Մանկապարտեզ,Աջափնյակ,Լենինգրադյան փող. 4ա,98,1093000,Capital,7,215,nan,0,Major City
Yerevan,39 Մանկապարտեզ,Աջափնյակ,Մարգարյան 18ա,10,1093000,Capital,7,138,nan,0,Major City
Yerevan,40 Մանկապարտեզ,Աջափնյակ,"Հալաբյան փող., 33 շենք",10,1093000,Capital,0,0,nan,0,Major City
Yerevan,41 Մանկապարտեզ,Աջափնյակ,Լենինգրադյան 38ա,264,1093000,Capital,0,0,nan,0,Major City
Yerevan,42 Մանկապարտեզ,Աջափնյակ,Հալաբյան 55,15,1093000,Capital,0,0,nan,0,Major City
Yerevan,43 Մանկապարտեզ,Աջափնյակ,"Ֆուչիկի փող. 2-րդ. նրբ., 9 շենք",34,1093000,Capital,5,152,nan,0,Major City
Yerevan,44 Մանկապարտեզ,Աջափնյակ,Նազարբեկյան թաղ.,41,1093000,Capital,11,301,nan,0,Major City
Yerevan,45 Մանկապարտեզ,Աջափնյակ,Լուկաշինի 63,14,1093000,Capital,6,154,nan,0,Major City
Yerevan,46 Մանկապարտեզ,Աջափնյակ,Բաշինջաղյան 1-ին նրբ. 9,12,1093000,Capital,7,175,nan,0,Major City
Yerevan,47 Մանկապարտեզ,Աջափնյակ,"Բաշինջաղյան փող., 2-րդ նրբ",98,1093000,Capital,10,313,nan,0,Major City
Yerevan,48 Մանկապարտեզ,Աջափնյակ,"Նորաշեն, 16 թաղամաս",58,1093000,Capital,10,281,nan,0,Major City
Yerevan,49 Մանկապարտեզ,Աջափնյակ,"16 թաղ., Մելքումովի փողոց",68,1093000,Capital,12,344,nan,0,Major City
Yerevan,50 Մանկապարտեզ,Աջափնյակ,16 թաղ. 47/2,94,1093000,Capital,9,267,nan,0,Major City
Yerevan,51 Մանկապարտեզ,Ավան,"Ավանի 6 փողոց, թիվ 52/1",42,1093000,Capital,6,182,nan,0,Major City
Yerevan,52 Մանկապարտեզ,Ավան,Իսահակյան թաղամաս 2/4,92,1093000,Capital,11,315,nan,0,Major City
Yerevan,53 Մանկապարտեզ,Ավան,"Աճառյան փողոց, 1-ին փակուղի",26,1093000,Capital,7,178,nan,0,Major City
Yerevan,54 Մանկապարտեզ,Ավան,Ավան Դուրյան թաղամաս 35/1,37,1093000,Capital,7,173,nan,0,Major City
Yerevan,55 Մանկապարտեզ,Ավան,"Ավան-Առինջ, 2-րդ մ/շ , 1/6",81,1093000,Capital,8,222,nan,0,Major City
Yerevan,56 Մանկապարտեզ,Ավան,"Ավան-Առինջ, 1-ին մ/շ, 1/14",36,1093000,Capital,8,223,nan,0,Major City
Yerevan,57 Մանկապարտեզ,Ավան,Դուրյան թաղամաս 52,30,1093000,Capital,7,163,nan,0,Major City
Yerevan,58 Մանկապարտեզ,Դավթաշեն,Դավթաշենի 1-ին թաղ. 27/2,69,1093000,Capital,12,336,nan,0,Major City
Yerevan,59 Մանկապարտեզ,Դավթաշեն,Դավթաշենի 2-րդ թաղամաս,16,1093000,Capital,12,309,nan,0,Major City
Yerevan,60 Մանկապարտեզ,Դավթաշեն,Դավթաշենի 3-րդ թաղամաս,77,1093000,Capital,12,360,nan,0,Major City
Yerevan,61 Մանկապարտեզ,Դավթաշեն,Դավթաշենի 1-ին թաղ. 16/1,135,1093000,Capital,12,351,nan,0,Major City
Yerevan,62 Մանկապարտեզ,Դավթաշեն,Դավթաշենի 4-րդ թաղ. 15/1,110,1093000,Capital,13,398,nan,0,Major City
Yerevan,63 Մանկապարտեզ,Արցախի 1,+(374 10) 45-06-62,130,1093000,Capital,5,156,nan,0,Major City
Yerevan,64 Մանկապարտեզ,Էրեբունի,"Ավանեսովի փակուղի, 12շ.",108,1093000,Capital,11,261,nan,0,Major City
Yerevan,66 Մանկապարտեզ,Էրեբունի,"Սարի թաղ, 7 փ., 15 շ.",71,1093000,Capital,4,108,nan,0,Major City
Yerevan,67 Մանկապարտեզ,Էրեբունի,"Սարի թաղ, 21 փող., 24շ.",42,1093000,Capital,4,117,nan,0,Major City
Yerevan,68 Մանկապարտեզ,Էրեբունի,"Նոր Արեշի 37փ., 35 շ.",127,1093000,Capital,4,130,nan,0,Major City
Yerevan,69 Մանկապարտեզ,Էրեբունի,"Նոր Արեշ, 11 փող. 139շ.",250,1093000,Capital,11,357,nan,0,Major City
Yerevan,70 Մանկապարտեզ,Էրեբունի,"Վարդաշենի 6-րդ փող., 80շ.",124,1093000,Capital,6,182,nan,0,Major City
Yerevan,71 Մանկապարտեզ,Էրեբունի,"Նոր Արեշ, 2 փող., 45ա",327,1093000,Capital,12,378,nan,0,Major City
Yerevan,72 Մանկապարտեզ,Էրեբունի,"Խաղաղ Դոնի փող., 21 շ.",8,1093000,Capital,0,0,nan,0,Major City
Yerevan,73 Մանկապարտեզ,Էրեբունի,Խաղաղ Դոնի 1,17,1093000,Capital,0,0,nan,0,Major City
Yerevan,74 Մանկապարտեզ,Էրեբունի,"Ջրաշեն, 1-ին փող.",30,1093000,Capital,3,86,nan,0,Major City
Yerevan,75 Մանկապարտեզ,Էրեբունի,Մուշավանի 5-րդ փող.,25,1093000,Capital,2,63,nan,0,Major City
Yerevan,76 Մանկապարտեզ,Մալաթիա-Սեբաստիա,"Հ-Ա, Բ-1, Րաֆֆու 85/5",83,1093000,Capital,12,345,nan,0,Major City
Yerevan,77 Մանկապարտեզ,Մալաթիա-Սեբաստիա,Ա. Բաբաջանյան 145/5,18,1093000,Capital,9,188,nan,0,Major City
Yerevan,78 Մանկապարտեզ,Մալաթիա-Սեբաստիա,Ա. Բաբաջանյան 139,30,1093000,Capital,11,307,nan,0,Major City
Yerevan,79 Մանկապարտեզ,Մալաթիա-Սեբաստիա,"Ա-1 թ., Շերամի 65/2",22,1093000,Capital,7,191,nan,0,Major City
Yerevan,80 Մանկապարտեզ,Մալաթիա-Սեբաստիա,"Հաղթանակ թաղ., 6-րդ փող, 34",6,1093000,Capital,7,179,nan,0,Major City
Yerevan,81 Մանկապարտեզ,Մալաթիա-Սեբաստիա,Արարատյան I զ. Կուրղինյան 11/5,110,1093000,Capital,6,184,nan,0,Major City
Yerevan,82 Մանկապարտեզ,ՀԱԹ Բ-2,Մալաթիա-Սեբաստիա,12,1093000,Capital,8,219,nan,0,Major City
Yerevan,83 Մանկապարտեզ,Մալաթիա-Սեբաստիա,"ՀԱԹ Բ-3, Անդրանիկի 97",9,1093000,Capital,6,158,nan,0,Major City
Yerevan,84 Մանկապարտեզ,Շերամի 15,Մալաթիա-Սեբաստիա,13,1093000,Capital,8,206,nan,0,Major City
Yerevan,85 Մանկապարտեզ,Մալաթիա-Սեբաստիա,Ծովակալ Իսակովի 50/6,8,1093000,Capital,4,107,nan,0,Major City
Yerevan,86 Մանկապարտեզ,Մալաթիա-Սեբաստիա,Հաղթանակի թաղ. 12 փող. 32 շենք,59,1093000,Capital,9,250,nan,0,Major City
Yerevan,87 Մանկապարտեզ,Մալաթիա-Սեբաստիա,"Բ-2 թաղ., Անդրանիկի 125/5",15,1093000,Capital,4,98,nan,0,Major City
Yerevan,88 Մանկապարտեզ,Մալաթիա-Սեբաստիա,"Արարատյան I զանգ., Կուրղինյան փող.",53,1093000,Capital,5,153,nan,0,Major City
Yerevan,89 Մանկապարտեզ,Մալաթիա-Սեբաստիա,"ՀԱԹ Ա 2, Օհանովի 45",46,1093000,Capital,10,287,nan,0,Major City
Yerevan,90 Մանկապարտեզ,Մալաթիա-Սեբաստիա,"ՀԱԹ Ա-2, Հովնաթանի 12",110,1093000,Capital,11,327,nan,0,Major City
Yerevan,91 Մանկապարտեզ,Մալաթիա-Սեբաստիա,Հովնաթանի 11,88,1093000,Capital,10,308,nan,0,Major City
Yerevan,92 Մանկապարտեզ,Մալաթիա-Սեբաստիա,"Ա-1թ., Սվաճյան փ.",13,1093000,Capital,9,202,nan,0,Major City
Yerevan,93 Մանկապարտեզ,Րաֆֆու 69,Մալաթիա-Սեբաստիա,5,1093000,Capital,8,206,nan,0,Major City
Yerevan,94 Մանկապարտեզ,Մալաթիա-Սեբաստիա,"ՀԱԹ Բ2, Անդրանիկի 133/3",5,1093000,Capital,6,157,nan,0,Major City
Yerevan,95 Մանկապարտեզ,Մալաթիա-Սեբաստիա,"Բ-1 թաղ., Անդրանիկի 124",74,1093000,Capital,0,0,nan,0,Major City
Yerevan,96 Մանկապարտեզ,Մալաթիա-Սեբաստիա,Անդրանիկի 91,265,1093000,Capital,12,372,nan,0,Major City
Yerevan,97 Մանկապարտեզ,Մալաթիա-Սեբաստիա,"ՀԱԹ, Ա-3 թաղ., Սվաճյան 16",58,1093000,Capital,10,299,nan,0,Major City
Yerevan,98 Մանկապարտեզ,Նոր Նորք,Սաֆարյան 11,85,1093000,Capital,7,206,nan,0,Major City
Yerevan,99 Մանկապարտեզ,Նոր Նորք,"Նոր Նորքի 1-ին զ., Նանսենի 1 նրբ. 1ա",69,1093000,Capital,6,176,nan,0,Major City
Yerevan,100 Մանկապարտեզ,Նանսենի 22,+(374 10)63-14-40,7,1093000,Capital,5,143,nan,0,Major City
Yerevan,101 Մանկապարտեզ,Նոր Նորք,"Նոր Նորք 2-րդ զ., Թոթովենցի 3/5 նրբ.",45,1093000,Capital,9,257,nan,0,Major City
Yerevan,102 Մանկապարտեզ,Նոր Նորք,"Նոր Նորքի 2-րդ զ., Թոթովենցի 8",16,1093000,Capital,4,111,nan,0,Major City
Yerevan,103 Մանկապարտեզ,Նոր Նորք,Վ. Թոթովենցի 3,16,1093000,Capital,8,216,nan,0,Major City
Yerevan,104 Մանկապարտեզ,Նոր Նորք,"Նոր Նորքի 2-րդ զ., Գայի 5/1",37,1093000,Capital,9,250,nan,0,Major City
Yerevan,105 Մանկապարտեզ,Նոր Նորք,"Նոր Նորքի 3-րդ զ., Բաղյան 2",111,1093000,Capital,0,0,nan,0,Major City
Yerevan,106 Մանկապարտեզ,Նոր Նորք,"Նոր Նորքի 4-րդ զ., 1-ին հատված հ. 2",1,1093000,Capital,3,76,nan,0,Major City
Yerevan,107 Մանկապարտեզ,Նոր Նորք,"Նոր Նորքի 4-րդ զ. 1-ին հատված, Բակունցի 4",24,1093000,Capital,4,113,nan,0,Major City
Yerevan,108 Մանկապարտեզ,Նոր Նորք,"Նոր Նորքի 4-րդ զ., Բակունցի 7",6,1093000,Capital,6,161,nan,0,Major City
Yerevan,109 Մանկապարտեզ,Նոր Նորք,"Նոր Նորքի 4-րդ զ., Բակունցի 6",27,1093000,Capital,8,230,nan,0,Major City
Yerevan,110 Մանկապարտեզ,Նոր Նորք,Մայակ թաղամաս,158,1093000,Capital,9,265,nan,0,Major City
Yerevan,111 Մանկապարտեզ,Նոր Նորք,"Նոր Նորքի 5-րդ միկրոշրջան, Մառի փող., 1 շենք",15,1093000,Capital,6,165,nan,0,Major City
Yerevan,112 Մանկապարտեզ,Նոր Նորք,"Նոր Նորքի 5-րդ զ., Մառի 9",39,1093000,Capital,5,146,nan,0,Major City
Yerevan,113 Մանկապարտեզ,Նոր Նորք,"Նոր Նորքի 5-րդ զ., Գալշոյան 62",14,1093000,Capital,5,134,nan,0,Major City
Yerevan,114 Մանկապարտեզ,Նոր Նորք,"Նոր Նորքի 6-րդ զ., Շոպրոնի փող. 2-րդ նրբ.",83,1093000,Capital,10,295,nan,0,Major City
Yerevan,116 Մանկապարտեզ,Նոր Նորք,"Նոր Նորքի 7-րդ զ., Կարախանյան 7",2,1093000,Capital,8,207,nan,0,Major City
Yerevan,117 Մանկապարտեզ,Նոր Նորք,"Նոր Նորքի 7-րդ զ., Կարախանյան 8",14,1093000,Capital,6,163,nan,0,Major City
Yerevan,118 Մանկապարտեզ,Նոր Նորք,"Նոր Նորքի 8-րդ զ., 17 շենք",1,1093000,Capital,5,116,nan,0,Major City
Yerevan,119 Մանկապարտեզ,Նոր Նորք,"Նոր Նորքի 9-րդ զ., Վիլնյուսի 59",60,1093000,Capital,10,256,nan,0,Major City
Yerevan,120 Մանկապարտեզ,Նոր Նորք,"Նոր Նորքի 9-րդ զ., Վիլնյուսի 61.",67,1093000,Capital,9,253,nan,0,Major City
Yerevan,121 Մանկապարտեզ,Նորք-Մարաշ,Ա․ Արմենակյան փ. 133/6,10,1093000,Capital,6,161,nan,0,Major City
Yerevan,122 Մանկապարտեզ,Նորք-Մարաշ,Արմենակյան 141,26,1093000,Capital,5,145,nan,0,Major City
Yerevan,123 Մանկապարտեզ,Նորք-Մարաշ,"Նորք, 5-րդ փողոց, 91",6,1093000,Capital,2,60,nan,0,Major City
Yerevan,124 Մանկապարտեզ,Նորք-Մարաշ,"Նորք 7 փող., 1-ին նրբ., 9 տ.",4,1093000,Capital,2,53,nan,0,Major City
Yerevan,125 Մանկապարտեզ,Նուբարաշեն,"Նուբարաշեն 12 փող., հ.2/1",115,1093000,Capital,5,156,nan,0,Major City
Yerevan,126 Մանկապարտեզ,Ֆրունզեի 4,+(374 10)44-18-00,225,1093000,Capital,12,369,nan,0,Major City
Yerevan,127 Մանկապարտեզ,Չեխովի 14,+(374 10)42-41-11,45,1093000,Capital,4,110,nan,0,Major City
Yerevan,128 Մանկապարտեզ,Շենգավիթ,"Բագրատունյաց 1-ին նրբ., 5-րդ շենք",23,1093000,Capital,6,184,nan,0,Major City
Yerevan,129 Մանկապարտեզ,Շենգավիթ,Հայկ Հովսեփյան 17,32,1093000,Capital,4,112,nan,0,Major City
Yerevan,130 Մանկապարտեզ,Շենգավիթ,"Ներքին Չարբախ, 3-րդ փող.",69,1093000,Capital,6,174,nan,0,Major City
Yerevan,131 Մանկապարտեզ,Շենգավիթ,Նորագավիթ 1 փողոց 95/6,230,1093000,Capital,8,249,nan,0,Major City
Yerevan,132 Մանկապարտեզ,Շենգավիթ,Հայկ Հովսեփյան 3,24,1093000,Capital,4,116,nan,0,Major City
Yerevan,133 Մանկապարտեզ,Շենգավիթ,Մայիսի 9-ի 26 շ.,8,1093000,Capital,7,184,nan,0,Major City
Yerevan,134 Մանկապարտեզ,Շենգավիթ,Եղիշե Թադևոսյան 2 և 4 շենք,55,1093000,Capital,3,94,nan,0,Major City
Yerevan,135 Մանկապարտեզ,Շիրակի 2ա,+(374 10)46-03-41,157,1093000,Capital,6,193,nan,0,Major City
Yerevan,136 Մանկապարտեզ,Շենգավիթ,Բագրատունյաց 16,42,1093000,Capital,4,123,nan,0,Major City
Yerevan,137 Մանկապարտեզ,Շենգավիթ,Պատկանյան 20,34,1093000,Capital,0,0,nan,0,Major City
Yerevan,138 Մանկապարտեզ,Շենգավիթ,Արագածի 101,13,1093000,Capital,6,171,nan,0,Major City
Yerevan,139 Մանկապարտեզ,Շենգավիթ,"Շենգավիթ վարչական շրջան, Ս. Տարոնցու 28",181,1093000,Capital,7,214,nan,0,Major City
Yerevan,140 Մանկապարտեզ,Շենգավիթ,Հ. Հովհաննիսյան 4,118,1093000,Capital,0,0,nan,0,Major City
Yerevan,141 Մանկապարտեզ,Մադոյան 7,+(374 10)44 03 21,66,1093000,Capital,7,204,nan,0,Major City
Yerevan,142 Մանկապարտեզ,Շենգավիթ,Շիրակի 4-րդ նրբ.,6,1093000,Capital,0,0,nan,0,Major City
Yerevan,143 Մանկապարտեզ,Չեխովի 20,+(374 10) 44 08 11,82,1093000,Capital,9,271,nan,0,Major City
Yerevan,144 Մանկապարտեզ,Շենգավիթ,"Ն. Շենգավիթ, 11 փող.",107,1093000,Capital,7,198,nan,0,Major City
Yerevan,145 Մանկապարտեզ,Աերացիա 29,+(374 10)46-75-27,76,1093000,Capital,7,211,nan,0,Major City
Yerevan,146 Մանկապարտեզ,Չեխովի 33,+(374 10)46-21-76,102,1093000,Capital,6,189,nan,0,Major City
Yerevan,147 Մանկապարտեզ,Շենգավիթ,Գ.Նժդեհի փող. 42,17,1093000,Capital,0,0,nan,0,Major City
Yerevan,148 Մանկապարտեզ,Քանաքեռ-Զեյթուն,"Ֆանարջյան 1-ին փակուղի, թիվ 1 տուն",0,1093000,Capital,0,0,nan,0,Major City
Yerevan,149 Մանկապարտեզ,Դրոյի 19,Քանաքեռ-Զեյթուն,34,1093000,Capital,4,118,nan,0,Major City
Yerevan,150 Մանկապարտեզ,Քանաքեռ-Զեյթուն,Վ․ Փափազյան 1,29,1093000,Capital,4,120,nan,0,Major City
Yerevan,151 Մանկապարտեզ,Քանաքեռ-Զեյթուն,Նորաշխարհյան 9,66,1093000,Capital,6,187,nan,0,Major City
Yerevan,152 Մանկապարտեզ,Քանաքեռ-Զեյթուն,Ազատության 4ա,26,1093000,Capital,3,87,nan,0,Major City
Yerevan,153 Մանկապարտեզ,Քանաքեռ-Զեյթուն,Լեփսիուսի 6,16,1093000,Capital,4,112,nan,0,Major City
Yerevan,154 Մանկապարտեզ,Պ. Սևակի 9,Քանաքեռ-Զեյթուն,52,1093000,Capital,6,180,nan,0,Major City
Yerevan,155 Մանկապարտեզ,Քանաքեռ-Զեյթուն,Վահե Վահյան 1,33,1093000,Capital,4,120,nan,0,Major City
Yerevan,156 Մանկապարտեզ,Քանաքեռ-Զեյթուն,Մինաս Ավետիսյան 2-րդ փողոց,1,1093000,Capital,0,0,nan,0,Major City
Yerevan,157 Մանկապարտեզ,Քանաքեռ-Զեյթուն,Սարկավագի 4,25,1093000,Capital,7,171,nan,0,Major City
Yerevan,158 Մանկապարտեզ,Դրոյի 16,Քանաքեռ-Զեյթուն,52,1093000,Capital,4,125,nan,0,Major City
Yerevan,159 Մանկապարտեզ,Քանաքեռ-Զեյթուն,Զ. Սարկավագի 32,3,1093000,Capital,3,72,nan,0,Major City
Yerevan,160 Մանկապարտեզ,Քանաքեռ-Զեյթուն,Հասրաթյան 1,36,1093000,Capital,6,181,nan,0,Major City
Yerevan,161 Մանկապարտեզ,Քանաքեռ-Զեյթուն,Սարկավագի 145ա,109,1093000,Capital,10,282,nan,0,Major City
Yerevan,162 Մանկապարտեզ,Քանաքեռ-Զեյթուն,Մինաս Ավետիսյան 20,57,1093000,Capital,6,180,nan,0,Major City
Yerevan,163 Արևամանուկ,Նուբարաշեն,Չնքուշի փողոց 14/2,83,1093000,Capital,4,123,nan,0,Major City
Yerevan,164 մանկապարտեզ,Կենտրոն,Նալբանդյան փ․ 106/1,60,1093000,Capital,7,198,nan,0,Major City
Ijevan,ԻՋԵՎԱՆ ՔԱՂԱՔԻ «ԺԱՆԵՏ ՄԱՐԴԻԳՅԱՆԻ ԱՆՎԱՆ ՄԱՆԿԱՊԱՐՏԵԶ» ՀՈԱԿ,,"ք. Իջևան, Մայիսի 28-ի փողոց, 5/2",15,21000,Tavush,6,161,093 70 77 02,180,Small City
Ijevan,ԻՋԵՎԱՆ ՔԱՂԱՔԻ ԹԻՎ 5 ՄՍՈՒՐ-ՄԱՆԿԱՊԱՐՏԵԶ ՀՈԱԿ,,"Հայաստան, ՏԱՎՈՒՇ, ԻՋԵՎԱՆ, ԲԼԲՈՒԼՅԱՆ Փ. 11 ՆՐԲ., Շ 2, 4002",2,21000,Tavush,6,144,0939997797,170,Small City
Ijevan,«ԻՋԵՎԱՆԻ ԹԻՎ 8 ՄԱՆԿԱՊԱՐՏԵԶ» ՀՈԱԿ,,"ք. Իջևան, Ղարագյոզյան փող. 47",3,21000,Tavush,4,117,093605445,120,Small City
Ijevan,«ԱՄԱԼՅԱ ԿԱՐԱՊԵՏՅԱՆԻ ԱՆՎԱՆ ՆԱԽԱԿՐԹԱՐԱՆ» ՀՈԱԿ,,"ՀՀ, Տավուշ, Իջևան, Ազատամարտիկների փ., շ․ 35",23,21000,Tavush,5,142,094362735,150,Small City
Ijevan,«ԱՉԱՋՈՒՐ ՀԱՄԱՅՆՔԻ ՄԱՆԿԱՊԱՐՏԵԶ» ՀՈԱԿ,,գ. Աչաջուր,0,21000,Tavush,6,116,09420 07 05,180,Small City
Ijevan,«ԳԱՆՁԱՔԱՐԻ ՄԱՆԿԱՊԱՐՏԵԶ» ՀՈԱԿ,,գ. Գանձաքար,18,21000,Tavush,3,87,077 23 83 03,90,Small City
Ijevan,«ԱԶԱՏԱՄՈՒՏ ՀԱՄԱՅՆՔԻ ՄԱՆԿԱՊԱՐՏԵԶ» ՀՈԱԿ,,գ. Ազատամուտ,0,21000,Tavush,3,78,093 47 65 45,90,Small City
Ijevan,«ՀՀ ՏԱՎՈՒՇԻ ՄԱՐԶԻ ԻՋԵՎԱՆ ՀԱՄԱՅՆՔԻ ՆԵՐՔԻՆ ԾԱՂԿԱՎԱՆ ԲՆԱԿԱՎԱՅՐԻ ՄԱՆԿԱՊԱՐՏԵԶ» ՀՈԱԿ,,գ․ Ծաղկավան,0,21000,Tavush,1,13,077667988,20,Small City
Ijevan,«ԽԱՇԹԱՌԱԿ ԲՆԱԿԱՎԱՅՐԻ ՄՍՈՒՐ-ՄԱՆԿԱՊԱՐՏԵԶ» ՀՈԱԿ,,գ. Խաշթառակ,3,21000,Tavush,2,48,094 70 97 00,60,Small City
Ijevan,«ՍԵՎՔԱՐԻ ՄԱՆԿԱՊԱՐՏԵԶ» ՀՈԱԿ,,"Հայաստան, Տավուշ, Իջևան, բն. Սևքար, 28փ., շ 7, 4001",6,21000,Tavush,3,52,094 55 34 35,70,Small City
Ijevan,«ՎԱԶԱՇԵՆԻ ՄԱՆԿԱՊԱՐՏԵԶ» ՀՈԱԿ,,գ․ Վազաշեն,0,21000,Tavush,1,8,094605076,12,Small City
Ijevan,«ԳԵՏԱՀՈՎԻՏԻ ՄԱՆԿԱՊԱՐՏԵԶ» ՀՈԱԿ,,գ․ Գետահովիտ,5,21000,Tavush,2,33,098 03 49 85,60,Small City
Ijevan,«ԴԻՏԱՎԱՆԻ ՄԱՆԿԱՊԱՐՏԵԶ» ՀՈԱԿ,,գ. Դիտավան,0,21000,Tavush,1,10,077-59 62 20,20,Small City
Ijevan,«ԱՅԳԵՀՈՎԻՏԻ ՄԱՆԿԱՊԱՐՏԵԶ» ՀՈԱԿ,,գ. Այգեհովիտ,0,21000,Tavush,4,101,093 40 89 65,120,Small City
Ijevan,«ՍԱՐԻԳՅՈՒՂ ՄԱՆԿԱՊԱՐՏԵԶ» ՀՈԱԿ,,գ.Սարիգյուղ,4,21000,Tavush,2,41,077 45 15 94,60,Small City
Ijevan,«ԲԵՐՔԱԲԵՐԻ ՄԱՆԿԱՊԱՐՏԵԶ» ՀՈԱԿ,,գ. Բերքաբեր,0,21000,Tavush,1,10,077-45 08 19,17,Small City
Gyumri,«ԼԱՊՏԵՐԻԿ - ՄՍՈՒՐ ՄԱՆԿԱՊԱՐՏԵԶ» ՀՈԱԿ,,Թամանյան 15,19,121000,Shirak,4,111,+374 77 62 01 43,111,Large City
Gyumri,«ԾԻԱԾԱՆ - ՄՍՈՒՐ ՄԱՆԿԱՊԱՐՏԵԶ» ՀՈԱԿ,,Ղուկասյան 169/6,8,121000,Shirak,5,120,(0312) 4 02 43,124,Large City
Gyumri,«ԹՈՌՆԻԿ ՄԱՆՈՒՇԱԿ - ՄՍՈՒՐ ՄԱՆԿԱՊԱՐՏԵԶ» ՀՈԱԿ,,Ս.Մատնիշյան 117,46,121000,Shirak,5,145,(0312) 5 18 52,145,Large City
Gyumri,«ԺՊԻՏ - ՄՍՈՒՐ ՄԱՆԿԱՊԱՐՏԵԶ» ՀՈԱԿ,,"ք. Գյումրի, Շչերբինայի 8",71,121000,Shirak,6,147,+374 94 44 08 16,148,Large City
Gyumri,«ԼՈՒՍԱՍՏՂԻԿ - ՄՍՈՒՐ ՄԱՆԿԱՊԱՐՏԵԶ» ՀՈԱԿ,,Դեմիրճյան 25,9,121000,Shirak,6,127,+374 98 98 00 52,170,Large City
Gyumri,«ԱՐՁԱԳԱՆՔ - ՄՍՈՒՐ ՄԱՆԿԱՊԱՐՏԵԶ» ՀՈԱԿ,,Վ. Խաչատրյան 3,7,121000,Shirak,6,145,+374 98 05 08 30,160,Large City
Gyumri,«ԼԻԼԻԹ - ՄՍՈՒՐ ՄԱՆԿԱՊԱՐՏԵԶ» ՀՈԱԿ,,Վ.Սարգսյան 20,10,121000,Shirak,3,75,+374 93 40 26 95,86,Large City
Gyumri,«ՆԱՆՈՒԼԻԿ ՄԱՆԿԱՊԱՐՏԵԶ» ՀՈԱԿ,,Կոշտոյան 5,0,121000,Shirak,3,54,+374 77 38 94 20,75,Large City
Gyumri,«ԼԻԱՆԱ - ՄՍՈՒՐ ՄԱՆԿԱՊԱՐՏԵԶ» ՀՈԱԿ,,Շիրակացի 127,1,121000,Shirak,4,101,+374 94 50 40 73,112,Large City
Gyumri,«ԱՐԵՎԻԿ ՄԱՆԿԱՊԱՐՏԵԶ» ՀՈԱԿ,,Լազոյի 1,8,121000,Shirak,4,118,+374 94 30 16 25,125,Large City
Gyumri,«ԱՐԱՐԱՏ ԿՐԹԱՀԱՄԱԼԻՐ» ՀՈԱԿ,,Կամոյի 5,0,121000,Shirak,4,91,+374 93 30 14 34,110,Large City
Gyumri,«ԳՈՀԱՐ - ՄՍՈՒՐ ՄԱՆԿԱՊԱՐՏԵԶ» ՀՈԱԿ,,Ղանդիլյան 14,14,121000,Shirak,5,133,+374 77 22 29 09,141,Large City
Gyumri,«ՓԱՐՈՍ - ՄՍՈՒՐ ՄԱՆԿԱՊԱՐՏԵԶ» ՀՈԱԿ,,Մնջոյան 204,2,121000,Shirak,5,128,+374 94 42 77 88,130,Large City
Gyumri,«ԱՆԻ ՊԱՐՏԵԶ ՄԱՆԿԱՊԱՐՏԵԶ» ՀՈԱԿ,,Չարենցի 5,2,121000,Shirak,6,184,+374 77 41 45 78,186,Large City
Gyumri,«ԿԱՐՄԻՐ ԳԼԽԱՐԿ ՄԱՆԿԱՊԱՐՏԵԶ» ՀՈԱԿ,,Ավստր.թաղ Ֆ.Վերֆելի 3,3,121000,Shirak,2,62,+374 77 43 34 88,64,Large City
Gyumri,«ՀԵՆԶԵԼ ՈՒ ԳՐԵՏԵԼ - ՄՍՈՒՐ ՄԱՆԿԱՊԱՐՏԵԶ» ՀՈԱԿ,,Խ.Հայրիկի 1,0,121000,Shirak,4,82,+374 77 08 10 83,110,Large City
Gyumri,«ՍՈՒՐԲ ՄԱՐԻԱՄ - ՄՍՈՒՐ ՄԱՆԿԱՊԱՐՏԵԶ» ՀՈԱԿ,,Շահումյան 296,0,121000,Shirak,3,77,+374 94 19 69 00,78,Large City
Gyumri,«ԳՅՈՒՄՐՈՒ ՄԱՆԿԻԿ - ՄՍՈՒՐ ՄԱՆԿԱՊԱՐՏԵԶ» ՀՈԱԿ,,Գորկու 100,0,121000,Shirak,3,71,+374 91 67 01 00,76,Large City
Gyumri,«ԷՅԼԻԹԻԱ - ՄՍՈՒՐ ՄԱՆԿԱՊԱՐՏԵԶ» ՀՈԱԿ,,Եգծ. Գարեգ Ա-ի 4,11,121000,Shirak,5,135,+374 77 07 40 40,147,Large City
Gyumri,«ՁՅՈՒՆԻԿ - ՄՍՈՒՐ ՄԱՆԿԱՊԱՐՏԵԶ» ՀՈԱԿ,,"Անի թաղ. 5փ., 5/2",14,121000,Shirak,6,146,+374 77 08 23 16,173,Large City
Gyumri,«ՀՈՒՍՈ ԱՌԱԳԱՍՏ - ՄՍՈՒՐ ՄԱՆԿԱՊԱՐՏԵԶ» ՀՈԱԿ,,Ա.Խաչատրյան 26,64,121000,Shirak,6,152,+374 94 82 35 56,153,Large City
Gyumri,«ԵՐԱԶԱՆՔ - ՄՍՈՒՐ ՄԱՆԿԱՊԱՐՏԵԶ» ՀՈԱԿ,,Լիսինյան 17,8,121000,Shirak,4,89,+374 77 85 58 54,98,Large City
Gyumri,«ԱՆՈՒԼԻԿ - ՄՍՈՒՐ ՄԱՆԿԱՊԱՐՏԵԶ» ՀՈԱԿ,,Ջիվանու փողոց 144,3,121000,Shirak,3,69,+374 94 41 78 89,83,Large City
Gyumri,«ԶԱՆԳԱԿ - ՄՍՈՒՐ ՄԱՆԿԱՊԱՐՏԵԶ» ՀՈԱԿ,,Շահումյան 214/12,42,121000,Shirak,4,82,+374 98 90 17 50,94,Large City
Vanadzor,«ՎԱՆԱՁՈՐ ՀԱՄԱՅՆՔԻ ՖՐԻՏՅՈՖ ՆԱՆՍԵՆԻ ԱՆՎԱՆ ԹԻՎ 2 ՄԱՆԿԱՊԱՐՏԵԶ» ՀՈԱԿ,,"Հայաստան, ԼՈՌԻ, ՎԱՆԱՁՈՐ, ՄՅԱՍՆԻԿՅԱՆ Փ., Շ 28, 2001",85,82000,Lori,4,121,32243558,129,Medium City
Vanadzor,«ԹԻՎ 3 ՄԱՆԿԱՊԱՐՏԵԶ» ՀՈԱԿ,,"Ք. ՎԱՆԱՁՈՐ, ՇԻՐԱԿԻ ԽՃՈՒՂԻ 64",3,82000,Lori,2,24,6-53-63,52,Medium City
Vanadzor,«ԹԻՎ 4 ՄԱՆԿԱՊԱՐՏԵԶ» ՀՈԱԿ,,"Ք. ՎԱՆԱՁՈՐ,ՍԱՅԱԹ-ՆՈՎԱ 18",4,82000,Lori,2,0,2-91-01,0,Medium City
Vanadzor,«ԹԻՎ 5 ՄԱՆԿԱՊԱՐՏԵԶ» ՀՈԱԿ,,"Ք. ՎԱՆԱՁՈՐ,ՄԱՇՏՈՑԻ 7",60,82000,Lori,6,181,0322 2-65-29,190,Medium City
Vanadzor,«ԹԻՎ 7 ՄԱՆԿԱՊԱՐՏԵԶ» ՀՈԱԿ,,"Ք. ՎԱՆԱՁՈՐ,ՆԱՐԵԿԱՑԻ 47",3,82000,Lori,2,58,0322 4-17-60,63,Medium City
Vanadzor,«ՎԱՆԱՁՈՐ ՀԱՄԱՅՆՔԻ ԹԻՎ 8 ՄԱՆԿԱՊԱՐՏԵԶ» ՀՈԱԿ,,"Հայաստան, ԼՈՌԻ, ՎԱՆԱՁՈՐ, ԳՈՐԿՈՒ Փ., Շ 9Ա, 2021",207,82000,Lori,6,175,32223629,187,Medium City
Vanadzor,«ՎԱՆԱՁՈՐ ՀԱՄԱՅՆՔԻ ԹԻՎ 10 ՄԱՆԿԱՊԱՐՏԵԶ» ՀՈԱԿ,,"Հայաստան, ԼՈՌԻ, ՎԱՆԱՁՈՐ, ՉՈՒԽԱՋՅԱՆ Փ., Շ 12Ա, 2018",4,82000,Lori,2,66,77-57-23-27,68,Medium City
Vanadzor,«ԹԻՎ 11 ՄԱՆԿԱՊԱՐՏԵԶ» ՀՈԱԿ,,"Ք. ՎԱՆԱՁՈՐ,ՉՈՒԽԱՋՅԱՆ 18Ա",9,82000,Lori,4,118,+37495 232727,129,Medium City
Vanadzor,«ԹԻՎ 15 ՍՈՒՐԲ ՄԱՐԻԱՄ ԱՍՏՎԱԾԱԾԻՆ ՄԱՆԿԱՊԱՐՏԵԶ» ՀՈԱԿ,,ՆԱԼԲԱՆԴՅԱՆ 1/3,11,82000,Lori,5,152,2-20-36,169,Medium City
Vanadzor,«Մ. ՄԱՏԻՆՅԱՆԻ ԱՆՎԱՆ ԹԻՎ 19 ՄԱՆԿԱՊԱՐՏԵԶ» ՀՈԱԿ,,"Ք. ՎԱՆԱՁՈՐ,ՍՈՒԽՈՒՄԻ 5",18,82000,Lori,4,111,5-68-27,156,Medium City
Vanadzor,«ՎԱՆԱՁՈՐ ՀԱՄԱՅՆՔԻ ԹԻՎ 24 ՄԱՆԿԱՊԱՐՏԵԶ» ՀՈԱԿ,,"Հայաստան, ԼՈՌԻ, ՎԱՆԱՁՈՐ, ԼԱԶՅԱՆ Փ., 32-3/2, Բն. ՄԱՆԿԱՊԱՐՏԵԶ, 2001",21,82000,Lori,4,115,093 83 43 53,143,Medium City
Vanadzor,«ՎԱՆԱՁՈՐ ՀԱՄԱՅՆՔԻ ԹԻՎ 28 ՄԱՆԿԱՊԱՐՏԵԶ» ՀՈԱԿ,,"Հայաստան, ԼՈՌԻ, ՎԱՆԱՁՈՐ, ԱԲԵՂՅԱՆ Փ., Շ 46/1-1, 2016",8,82000,Lori,3,98,32238281,96,Medium City
Vanadzor,«ԹԻՎ 30 ՄԱՆԿԱՊԱՐՏԵԶ» ՀՈԱԿ,,"Ք.ՎԱՆԱՁՈՐ,ՈՒՍԱՆՈՂԱԿԱՆ 91",58,82000,Lori,5,149,0322 4-86-14,160,Medium City
Vanadzor,«ԹԻՎ 31 ՄԱՆԿԱՊԱՐՏԵԶ» ՀՈԱԿ,,"Ք. ՎԱՆԱՁՈՐ,ՆԵՐՍԻՍՅԱՆ ԹԱՂԱՄԱՍ 6",28,82000,Lori,4,130,0322 4-96-14,134,Medium City
Vanadzor,«ԹԻՎ 32 ՄԱՆԿԱՊԱՐՏԵԶ» ՀՈԱԿ,,"ՏԱՐՈՆ-4, ԲԵԼՈՌՈՒՍԱԿԱՆ",6,82000,Lori,3,94,098632070,99,Medium City
Vanadzor,«ԹԻՎ 33 ՄԱՆԿԱՊԱՐՏԵԶ» ՀՈԱԿ,,"Ք․ՎԱՆԱՁՈՐ,ՏԱՐՈՆ 3 ՏԱՇԻՐԻ ԽՃ․ 3",4,82000,Lori,4,114,+374 98878603,132,Medium City
Vanadzor,«ԹԻՎ 34 ՄԱՆԿԱՊԱՐՏԵԶ» ՀՈԱԿ,,"Ք. ՎԱՆԱՁՈՐ,ՏԱՐՈՆ-3 ՔՇՀ 7",8,82000,Lori,3,85,094 39 85 00,101,Medium City
Vanadzor,«ՎԱՆԱՁՈՐ ՀԱՄԱՅՆՔԻ ԹԻՎ 35 ՄՍՈՒՐ-ՄԱՆԿԱՊԱՐՏԵԶ» ՀՈԱԿ,,"Հայաստան, ԼՈՌԻ, ՎԱՆԱՁՈՐ, ՏԱՐՈՆ 4, ԱԾԽԱՀԱՏՆԵՐ, 33",63,82000,Lori,4,118,094699045,140,Medium City
Vanadzor,«ԹԻՎ 40 ՄԱՆԿԱՊԱՐՏԵԶ» ՀՈԱԿ,,"Ք. ՎԱՆԱՁՈՐ,ՏԱՐՈՆ-2 ՔՇՀ 4",9,82000,Lori,3,97,6-15-38,113,Medium City
Vanadzor,«ԹԻՎ 41 ՄԱՆԿԱՊԱՐՏԵԶ» ՀՈԱԿ,,"Ք. ՎԱՆԱՁՈՐ,ՇԻՐԱԿԱՑՈՒ 1 ՓԱԿՈՒՂԻ",3,82000,Lori,2,49,4-46-31,63,Medium City
Vanadzor,ԳՈՒԳԱՐՔԻ «ԵՐԱԶԻԿ» ՄԱՆԿԱՊԱՐՏԵԶ ՀՈԱԿ,,"ԼՄ, ԳՈՒԳԱՐՔ, 2Փ. 1 ՆՐԲ. /Շ./ 11 ԳՈՒԳԱՐՔ",7,82000,Lori,2,59,098 81 22 33,60,Medium City
Vanadzor,«ԴԱՐՊԱՍ ՀԱՄԱՅՆՔԻ ՄԱՆԿԱՊԱՐՏԵԶ» ՀՈԱԿ,,"Գ. ԴԱՐՊԱՍ, 3-րդ փողոց 5",0,82000,Lori,2,28,077 70 74 27,40,Medium City
Vanadzor,ՇԱՀՈՒՄՅԱՆ ՀԱՄԱՅՆՔԻ ԿՐԹԱՄԱՐԶԱՄՇԱԿՈՒԹԱՅԻՆ ՀԱՄԱԼԻՐ ՀՈԱԿ,,ՇԱՀՈՒՄՅԱՆ,2,82000,Lori,1,27,nan,30,Medium City
Armavir,«ՀՀ ԱՐՄԱՎԻՐԻ ՄԱՐԶԻ ԱՐՄԱՎԻՐ ՀԱՄԱՅՆՔԻ ԱՐՄԱՎԻՐ ՔԱՂԱՔԻ ԹԻՎ 1 ՄՍՈՒՐ ՄԱՆԿԱՊԱՐՏԵԶ» ՀՈԱԿ,,"ք, Արմավիր: Հունան Ավետիսյան 2/2",1,29000,Armavir,4,104,(+0237)-2-37-84,110,Small City
Armavir,«ՀՀ ԱՐՄԱՎԻՐԻ ՄԱՐԶԻ ԱՐՄԱՎԻՐ ՀԱՄԱՅՆՔԻ ԱՐՄԱՎԻՐ ՔԱՂԱՔԻ ԹԻՎ 2 ՄՍՈՒՐ-ՄԱՆԿԱՊԱՐՏԵԶ» ՀՈԱԿ,,ք. Արմավիր Ա. Ջիվանու 40,51,29000,Armavir,4,104,+0237,110,Small City
Armavir,«ՀՀ ԱՐՄԱՎԻՐԻ ՄԱՐԶԻ ԱՐՄԱՎԻՐ ՀԱՄԱՅՆՔԻ ԱՐՄԱՎԻՐ ՔԱՂԱՔԻ ԹԻՎ 3 ՄՍՈՒՐ-ՄԱՆԿԱՊԱՐՏԵԶ» ՀՈԱԿ,,ք. Արմավիր Դարմոյան 8,9,29000,Armavir,4,108,+0237 2-50-71,110,Small City
Armavir,«ՀՀ ԱՐՄԱՎԻՐԻ ՄԱՐԶԻ ԱՐՄԱՎԻՐ ՀԱՄԱՅՆՔԻ ԱՐՄԱՎԻՐ ՔԱՂԱՔԻ ԹԻՎ 4 ՄՍՈՒՐ-ՄԱՆԿԱՊԱՐՏԵԶ» ՀՈԱԿ,,ք. Արմավիր Մաշտոցի 32,62,29000,Armavir,9,250,+0237,250,Small City
Armavir,«ՀՀ ԱՐՄԱՎԻՐԻ ՄԱՐԶԻ ԱՐՄԱՎԻՐ ՀԱՄԱՅՆՔԻ ԱՐՄԱՎԻՐ ՔԱՂԱՔԻ ԹԻՎ 5 ՄՍՈՒՐ-ՄԱՆԿԱՊԱՐՏԵԶ» ՀՈԱԿ,,ք. Արմավիր Արարատյան 7,0,29000,Armavir,0,0,+0237,0,Small City
Armavir,«ՀՀ ԱՐՄԱՎԻՐԻ ՄԱՐԶԻ ԱՐՄԱՎԻՐ ՀԱՄԱՅՆՔԻ ԱՐՄԱՎԻՐ ՔԱՂԱՔԻ ԹԻՎ 6 ՄՍՈՒՐ-ՄԱՆԿԱՊԱՐՏԵԶ» ՀՈԱԿ,,ք. Արմավիր Սայաթ-Նովա 10/2,0,29000,Armavir,0,0,nan,0,Small City
Armavir,«ՀՀ ԱՐՄԱՎԻՐԻ ՄԱՐԶԻ ԱՐՄԱՎԻՐ ՀԱՄԱՅՆՔԻ ԱՐՄԱՎԻՐ ՔԱՂԱՔԻ ԹԻՎ 7 ՄՍՈՒՐ-ՄԱՆԿԱՊԱՐՏԵԶ» ՀՈԱԿ,,ք. Արմավիր Հանրապետության 1 նրբ 9/1,8,29000,Armavir,4,103,+0237,110,Small City
Armavir,«ՀՀ ԱՐՄԱՎԻՐԻ ՄԱՐԶԻ ԱՐՄԱՎԻՐ ՀԱՄԱՅՆՔԻ ԱՐՄԱՎԻՐ ՔԱՂԱՔԻ ԹԻՎ 8 ՄՍՈՒՐ-ՄԱՆԿԱՊԱՐՏԵԶ» ՀՈԱԿ,,ք. Արմավիր Չարենցի 26,45,29000,Armavir,6,169,0237-2-11-69,170,Small City
Armavir,«ՀՀ ԱՐՄԱՎԻՐԻ ՄԱՐԶԻ ԱՐՄԱՎԻՐ ՀԱՄԱՅՆՔԻ ԱՐՄԱՎԻՐ ՔԱՂԱՔԻ ԹԻՎ 9 ՄՍՈՒՐ-ՄԱՆԿԱՊԱՐՏԵԶ» ՀՈԱԿ,,"ք. Արմավիր, Արարատյան, 1/2",31,29000,Armavir,7,200,0237,200,Small City
Armavir,«ՀՀ ԱՐՄԱՎԻՐԻ ՄԱՐԶԻ ԱՐՄԱՎԻՐ ՀԱՄԱՅՆՔԻ ԱՐՄԱՎԻՐ ՔԱՂԱՔԻ ԹԻՎ 10 ՄՍՈՒՐ-ՄԱՆԿԱՊԱՐՏԵԶ» ՀՈԱԿ,,ք. Արմավիր Շահումյան 29,46,29000,Armavir,4,90,0237,90,Small City
Armavir,«ՀՀ ԱՐՄԱՎԻՐԻ ՄԱՐԶԻ ԱՐՄԱՎԻՐ ՀԱՄԱՅՆՔԻ ԱՐՄԱՎԻՐ ՔԱՂԱՔԻ ԹԻՎ 11 ՄՍՈՒՐ-ՄԱՆԿԱՊԱՐՏԵԶ» ՀՈԱԿ,,ք. Արմավիր Կոմիտաս 11,0,29000,Armavir,0,0,0327,0,Small City
Armavir,ՀՀ ԱՐՄԱՎԻՐԻ ՄԱՐԶԻ ԱՐՄԱՎԻՐ ՀԱՄԱՅՆՔԻ ԱՐԱՔՍ ԳՅՈՒՂԻ ՄՍՈՒՐ-ՄԱՆԿԱՊԱՐՏԵԶ ՀՈԱԿ,,Գ․Արաքս Սեդրակ Գրիգորյան 26,20,29000,Armavir,4,110,094805739,110,Small City
Armavir,«ՀՀ ԱՐՄԱՎԻՐԻ ՄԱՐԶԻ ԱՐՄԱՎԻՐ ՀԱՄԱՅՆՔԻ ԱՅԳԵՎԱՆ ԳՅՈՒՂԻ ՄՍՈՒՐ-ՄԱՆԿԱՊԱՐՏԵԶ» ՀՈԱԿ,,Գյուղ Այգեվան 5-րդ փողոց 1-ին նրբանցք 1 շենք,20,29000,Armavir,4,105,nan,110,Small City
Armavir,«ՀՀ ԱՐՄԱՎԻՐԻ ՄԱՐԶԻ ԱՐՄԱՎԻՐ ՀԱՄԱՅՆՔԻ ՍԱՐԴԱՐԱՊԱՏ ԳՅՈՒՂԻ ՄՍՈՒՐ-ՄԱՆԿԱՊԱՐՏԵԶ» ՀՈԱԿ,,ՍԱՐԴԱՐԱՊԱՏ,58,29000,Armavir,6,168,nan,170,Small City
Armavir,«ՀՀ ԱՐՄԱՎԻՐԻ ՄԱՐԶԻ ԱՐՄԱՎԻՐ ՀԱՄԱՅՆՔԻ ՄՅԱՍՆԻԿՅԱՆ ԳՅՈՒՂԻ ՄԱՆԿԱՊԱՐՏԵԶ» ՀՈԱԿ,,"գ. Մյասնիկյան, Մոնթեի 62",34,29000,Armavir,4,120,nan,120,Small City
Armavir,«ՀՀ ԱՐՄԱՎԻՐԻ ՄԱՐԶԻ ԱՐՄԱՎԻՐ ՀԱՄԱՅՆՔԻ ԼՈՒԿԱՇԻՆ ԳՅՈՒՂԻ ՄԱՆԿԱՊԱՐՏԵԶ» ՀՈԱԿ,,Հունան Ավետիսյան 42,2,29000,Armavir,3,85,nan,90,Small City
Armavir,«ՀՀ ԱՐՄԱՎԻՐԻ ՄԱՐԶԻ ԱՐՄԱՎԻՐ ՀԱՄԱՅՆՔԻ ՆՈՐԱՎԱՆ ԳՅՈՒՂԻ ՄՍՈՒՐ- ՄԱՆԿԱՊԱՐՏԵԶ» ՀՈԱԿ,,գ․ Նորավան 1-ին փ․ հող 11/3,74,29000,Armavir,4,0,093747861,110,Small City
Kapan,«ԿԱՊԱՆԻ ԹԻՎ 1 ՆՈՒՀ» ՀՈԱԿ,,"ք.Կապան,Շահումյան 20/1",9,43000,Syunik,6,156,+285 4 02 02,156,Small City
Kapan,ԿԱՊԱՆԻ ԹԻՎ 1 ՆՈՒՀ ՀՈԱԿ-Ի ԲԱՐԱԲԱԹՈՒՄԻ ՏԱՐԱՏԱՐԻՔ ԽՈՒՄԲ,,Բարաբաթում թաղամաս,0,43000,Syunik,1,14,nan,20,Small City
Kapan,",,Կապանի թիվ 2 ՆՈՒՀ,,ՀՈԱԿ",,"ք.Կապան,Բաղաբերդ 11",5,43000,Syunik,5,101,+285 4 38 41,130,Small City
Kapan,«ԿԱՊԱՆԻ ԹԻՎ 3 ՆՈՒՀ» ՀՈԱԿ,,"Ք․ ԿԱՊԱՆ, ԼԵՌՆԱԳՈՐԾՆԵՐԻ ՓՈՂՈՑ, 16/2",10,43000,Syunik,7,182,nan,192,Small City
Kapan,",,Կապանի թիվ 4 ՆՈՒՀ,,ՀՈԱԿ",,"ք.Կապան,Շահումյան 42",4,43000,Syunik,7,158,+285 4 04 52,180,Small City
Kapan,«ԿԱՊԱՆԻ ԹԻՎ 5 ՆՈՒՀ» ՀՈԱԿ,,"ք.Կապան, Բաղաբերդ 17/57",0,43000,Syunik,4,70,+285 4 03 10,81,Small City
Kapan,«ԿԱՊԱՆԻ ԹԻՎ 6 ՆՈՒՀ» ՀՈԱԿ,,"ք.Կապան,Մ.Պապյան 14",6,43000,Syunik,7,184,+285 4 01 04,201,Small City
Kapan,«ԿԱՊԱՆԻ ԹԻՎ 7 ՆՈՒՀ» ՀՈԱԿ,,"ք.Կապան,Գ.Նժդեհի 26/7",10,43000,Syunik,6,136,+285 4 10 21,174,Small City
Kapan,ԿԱՊԱՆԻ ԹԻՎ 8 ՆՈՒՀ ՀՈԱԿ-Ի ԿԱՎԱՐՏԻ ՏԱՐԱՏԱՐԻՔ ԽՈՒՄԲ,,Կավարտ,0,43000,Syunik,1,11,nan,20,Small City
Kapan,«ԿԱՊԱՆԻ ԹԻՎ 8 ՆՈՒՀ» ՀՈԱԿ,,"ք.Կապան,Հ.Ավետիսյան 3",1,43000,Syunik,6,155,+285 4 03 72,160,Small City
Kapan,«ԿԱՊԱՆԻ ԹԻՎ 9 ՆՈՒՀ» ՀՈԱԿ,,"ք.Կապան,Շահումյան 8",14,43000,Syunik,6,159,+285 4 25 92,165,Small City
Kapan,«ԿԱՊԱՆԻ ԹԻՎ 10 ՆՈՒՀ» ՀՈԱԿ,,"ք.Կապան,Շինարարների 10",3,43000,Syunik,4,100,+285 4 01 19,115,Small City
Kapan,«ԿԱՊԱՆԻ ԹԻՎ 12 ՆՈՒՀ» ՀՈԱԿ,,"ք.Կապան,Հալիձոր 8",6,43000,Syunik,5,116,+285 4 41 09,140,Small City
Kapan,«ԿԱՊԱՆԻ ԹԻՎ 13 ՆՈՒՀ» ՀՈԱԿ,,"ք.Կապան, Ձորք 20",3,43000,Syunik,5,119,+285 4 22 05,133,Small City
Kapan,«ԿԱՊԱՆԻ «ԱՐԾՎԱՆԻԿ» ՆԱԽԱԴՊՐՈՑԱԿԱՆ ՈՒՍՈՒՄՆԱԿԱՆ ՀԱՍՏԱՏՈՒԹՅՈՒՆ» ՀՈԱԿ,,ՀՀ ՍՅՈՒՆՒՔԻ ՄԱՐԶ ԲՆԱԿԱՎԱՅՐ ԱՐԾՎԱՆԻԿ,2,43000,Syunik,1,26,nan,26,Small City
Kapan,<<ԿԱՊԱՆԻ <<ԴԱՎԻԹ-ԲԵԿ>> ՆԱԽԱԴՊՐՈՑԱԿԱՆ ՈՒՍՈՒՄՆԱԿԱՆ ՀԱՍՏԱՏՈՒԹՅՈՒՆ,,ՀՀ ՍՅՈՒՆՒՔԻ ՄԱՐԶ ԲՆԱԿԱՎԱՅՐ ԴԱՎԻԹ-ԲԵԿ,0,43000,Syunik,1,15,nan,15,Small City
Kapan,«ԿԱՊԱՆԻ «ԾԱՎ» ՆԱԽԱԴՊՐՈՑԱԿԱՆ ՈՒՍՈՒՄՆԱԿԱՆ ՀԱՍՏԱՏՈՒԹՅՈՒՆ» ՀՈԱԿ,,ՀՀ ՍՅՈՒՆՒՔԻ ՄԱՐԶ ԲՆԱԿԱՎԱՅՐ ԾԱՎ,0,43000,Syunik,1,5,nan,9,Small City
Kapan,<<ԿԱՊԱՆԻ <<ՍՅՈՒՆԻՔ>> ՆՈՒՀ>> ՀՈԱԿ,,"Սյունիք բնակավայր, Վերին թաղ շ․ 20",0,43000,Syunik,2,32,nan,41,Small City
Abovyan,ԱԲՈՎՅԱՆ ՀԱՄԱՅՆՔԻ «ԱԲՈՎՅԱՆ ՔԱՂԱՔԻ ԹԻՎ 2 ՄԱՆԿԱՊԱՐՏԵԶ» ՀՈԱԿ,,"ՀՀ, Կոտայքի մարզ, ք.Աբովյան Բարեկամության 1/6",12,46000,Kotayk,6,139,nan,141,Small City
Abovyan,ԱԲՈՎՅԱՆ ՀԱՄԱՅՆՔԻ «ԱԲՈՎՅԱՆ ՔԱՂԱՔԻ ԹԻՎ 3 ՄԱՆԿԱՊԱՐՏԵԶ» ՀՈԱԿ,,"ՀՀ, Կոտայքի մարզ, ք.Աբովյան Հանրապետության 17/2",27,46000,Kotayk,7,183,nan,186,Small City
Abovyan,ԱԲՈՎՅԱՆ ՀԱՄԱՅՆՔԻ «ԱԲՈՎՅԱՆ ՔԱՂԱՔԻ ԹԻՎ 4 ՄԱՆԿԱՊԱՐՏԵԶ» ՀՈԱԿ,,"Ք.Աբովյան, փ.Սարալանջի 9/3",8,46000,Kotayk,5,140,nan,150,Small City
Abovyan,ԱԲՈՎՅԱՆ ՀԱՄԱՅՆՔԻ «ԱԲՈՎՅԱՆ ՔԱՂԱՔԻ ԹԻՎ 5 ՄԱՆԿԱՊԱՐՏԵԶ» ՀՈԱԿ,,"ՀՀ, Կոտայքի մարզ., ք. Աբովյան, Սևանի փողոց, 2/4/4",16,46000,Kotayk,6,178,095080023,180,Small City
Abovyan,ԱԲՈՎՅԱՆ ՀԱՄԱՅՆՔԻ «ԱԲՈՎՅԱՆ ՔԱՂԱՔԻ ԹԻՎ 6 ՄԱՆԿԱՊԱՐՏԵԶ» ՀՈԱԿ,,"ՀՀ, Կոտայքի մարզ, ք.Աբովյան , Ս.Մնացականյանի 1/5",19,46000,Kotayk,8,233,098460038,240,Small City
Abovyan,ԱԲՈՎՅԱՆ ՀԱՄԱՅՆՔԻ «ԱԲՈՎՅԱՆ ՔԱՂԱՔԻ ԹԻՎ 7 ՄԱՆԿԱՊԱՐՏԵԶ» ՀՈԱԿ,,"ՀՀ, Կոտայքի մարզ, ք.Աբովյանի 4-րդ մ/շ 15/9",8,46000,Kotayk,5,140,nan,146,Small City
Abovyan,ԱԲՈՎՅԱՆ ՀԱՄԱՅՆՔԻ «ԱԲՈՎՅԱՆ ՔԱՂԱՔԻ ԹԻՎ 9 ՄԱՆԿԱՊԱՐՏԵԶ» ՀՈԱԿ,,"ՀՀ, Կոտայքի մարզ, ք.Աբովյան 4-րդ մ/շ 57/1",11,46000,Kotayk,11,302,nan,316,Small City
Abovyan,ԱԲՈՎՅԱՆ ՀԱՄԱՅՆՔԻ «ԱԲՈՎՅԱՆ ՔԱՂԱՔԻ ԹԻՎ 12 ՄԱՆԿԱՊԱՐՏԵԶ» ՀՈԱԿ,,"ՀՀ, Կոտաքյի մարզ, Ք.Աբովյան, Տարտուի 1/24/1",39,46000,Kotayk,7,209,nan,210,Small City
Abovyan,ԱԲՈՎՅԱՆ ՀԱՄԱՅՆՔԻ «ԿԱՄԱՐԻՍ ԳՅՈՒՂԻ «ԿԱԿԱՉ» ՄԱՆԿԱՊԱՐՏԵԶ» ՀՈԱԿ,,"ՀՀ, Կոտայքի մարզ, գ.Կամարիս 8 փ., 2",17,46000,Kotayk,4,115,nan,120,Small City
Abovyan,ԱԲՈՎՅԱՆ ՀԱՄԱՅՆՔԻ «ԳԵՂԱՇԵՆ ԳՅՈՒՂԻ «ՀԵՔԻԱԹ» ՄԱՆԿԱՊԱՐՏԵԶ» ՀՈԱԿ,,"ՀՀ, Կոտայքի մարզ, գ.Գեղաշեն 1 փ., 83/2/1",8,46000,Kotayk,6,157,nan,165,Small City
Abovyan,ԱԲՈՎՅԱՆ ՀԱՄԱՅՆՔԻ «ՄԱՅԱԿՈՎՍԿԻ ԳՅՈՒՂԻ «ԶԵՓՅՈՒՌ» ՄԱՆԿԱՊԱՐՏԵԶ» ՀՈԱԿ,,"ՀՀ, Կոտայքի մարզ, գ.Մայակովսկի 10փ. 1",1,46000,Kotayk,4,115,nan,115,Small City
Abovyan,ԱԲՈՎՅԱՆ ՀԱՄԱՅՆՔԻ «ՎԵՐԻՆ ՊՏՂՆԻ ԳՅՈՒՂԻ ՄԱՆԿԱՊԱՐՏԵԶ» ՀՈԱԿ,,"ՀՀ, Կոտայքի մարզ, գ.Վերին Պտղնի 1փ., 2",5,46000,Kotayk,2,58,nan,60,Small City
Sevan,«ՀՀ ԳԵՂԱՐՔՈՒՆԻՔԻ ՄԱՐԶԻ ՍԵՎԱՆ ՀԱՄԱՅՆՔԻ «ԴԴՄԱՇԵՆ ԲՆԱԿԱՎԱՅՐԻ ՄԱՆԿԱՊԱՐՏԵԶ» ՀՈԱԿ /ԳԵՂԱՄԱՎԱՆ ԲՆԱԿԱՎԱՅՐԻ ՆԱԾ/,,"ՀՀ Գեղարքունիքի մարզ, գ․ Գեղամավան",1,19000,Gegharkunik,1,10,nan,30,Town
Sevan,«ՍԵՎԱՆԻ ԹԻՎ 2 «ԶԱՐԹՈՆՔ» ՄՍՈՒՐ ՄԱՆԿԱՊԱՐՏԵԶ» ՀՈԱԿ /ՆՈՐԱՇԵՆ ԲՆԱԿԱՎԱՅՐԻ ՆԱԾ/,,"ՀՀ Գեղարքունիքի մարզ, գ․ Նորաշեն",0,19000,Gegharkunik,1,11,nan,30,Town
Sevan,«ՍԵՎԱՆԻ ԹԻՎ 1 «ԲՈՂԲՈՋ» ՄՍՈՒՐ ՄԱՆԿԱՊԱՐՏԵԶ» ՀՈԱԿ /ԾԱՂԿՈՒՆՔ ԲՆԱԿԱՎԱՅՐԻ ՆԱԾ/,,"ՀՀ Գեղարքունիքի մարզ, գ․ Ծաղկունք",0,19000,Gegharkunik,1,13,nan,30,Town
Sevan,«ԳԱԳԱՐԻՆԻ ՄՍՈՒՐ ՄԱՆԿԱՊԱՐՏԵԶ» ՀՈԱԿ,,"գ. Գագարին, Կոմիտասի 2",0,19000,Gegharkunik,2,55,nan,55,Town
Sevan,«ՍԵՎԱՆԻ ԹԻՎ 4 «ԳԱԼԻՔ» ՄՍՈՒՐ ՄԱՆԿԱՊԱՐՏԵԶ» ՀՈԱԿ,,"ք. Սևան, Ս. Սևանեցի 6 ա",23,19000,Gegharkunik,4,121,0261-2-09-44,122,Town
Sevan,«ՍԵՎԱՆԻ ԹԻՎ 3 « ՀԵՔԻԱԹ» ՄԱՆԿԱՊԱՐՏԵԶ» ՀՈԱԿ,,"ք. Սևան, Սայաթ-Նովա 8",25,19000,Gegharkunik,6,180,0261-2-26-83,180,Town
Sevan,«ՍԵՎԱՆԻ ԹԻՎ 2 «ԶԱՐԹՈՆՔ» ՄՍՈՒՐ ՄԱՆԿԱՊԱՐՏԵԶ» ՀՈԱԿ,,"ք. Սևան, Շահումյան 31",12,19000,Gegharkunik,6,159,0261-2-43-62,170,Town
Sevan,«ՍԵՎԱՆԻ ԹԻՎ 1 «ԲՈՂԲՈՋ» ՄՍՈՒՐ ՄԱՆԿԱՊԱՐՏԵԶ» ՀՈԱԿ,,"ք. Սևան, Կ. Դեմիրճյան 17",4,19000,Gegharkunik,5,133,0261-2-61-85,140,Town
Sevan,«ՀՀ ԳԵՂԱՐՔՈՒՆԻՔԻ ՄԱՐԶԻ ՍԵՎԱՆ ՀԱՄԱՅՆՔԻ ՎԱՐՍԵՐ ԲՆԱԿԱՎԱՅՐԻ «ԺՊԻՏՆԵՐ» ՄՍՈՒՐ-ՄԱՆԿԱՊԱՐՏԵԶ» ՀՈԱԿ,,"Հայաստան, ԳԵՂԱՐՔՈՒՆԻՔ, ՎԱՐՍԵՐ, 7 Փ., Շ 8 , 1515",1,19000,Gegharkunik,2,58,+374 77 071808,58,Town
Sevan,«ՀՀ ԳԵՂԱՐՔՈՒՆԻՔԻ ՄԱՐԶԻ ՍԵՎԱՆ ՀԱՄԱՅՆՔԻ ԾՈՎԱԳՅՈՒՂ ԲՆԱԿԱՎԱՅՐԻ ՄԱՆԿԱՊԱՐՏԵԶ» ՀՈԱԿ,,"Հայաստան, ԳԵՂԱՐՔՈՒՆԻՔ, ԾՈՎԱԳՅՈՒՂ, 14 Փ., 10, 1512",6,19000,Gegharkunik,4,113,nan,120,Town
Sevan,«ՀՀ ԳԵՂԱՐՔՈՒՆԻՔԻ ՄԱՐԶԻ ՍԵՎԱՆ ՀԱՄԱՅՆՔԻ ԶՈՎԱԲԵՐ ԲՆԱԿԱՎԱՅՐԻ ՄԱՆԿԱՊԱՐՏԵԶ» ՀՈԱԿ,,"Հայաստան, ԳԵՂԱՐՔՈՒՆԻՔ, ԶՈՎԱԲԵՐ, 7, 13",6,19000,Gegharkunik,1,30,61095,30,Town
Sevan,«ՀՀ ԳԵՂԱՐՔՈՒՆԻՔԻ ՄԱՐԶԻ ՍԵՎԱՆ ՀԱՄԱՅՆՔԻ ՉԿԱԼՈՎԿԱ ԲՆԱԿԱՎԱՅՐԻ ՄԱՆԿԱՊԱՐՏԵԶ» ՀՈԱԿ,,"Հայաստան, ԳԵՂԱՐՔՈՒՆԻՔ, ՉԿԱԼՈՎԿԱ, 1-ԻՆ ՓՈՂՈՑ, 9, 1514",0,19000,Gegharkunik,1,19,+374 96 503255,30,Town
Sevan,«ՀՀ ԳԵՂԱՐՔՈՒՆԻՔԻ ՄԱՐԶԻ ՍԵՎԱՆ ՀԱՄԱՅՆՔԻ ԼՃԱՇԵՆ ԲՆԱԿԱՎԱՅՐԻ «ՄԱՆՉՈՒԿ» ՄԱՆԿԱՊԱՐՏԵԶ» ՀՈԱԿ,,"Հայաստան, Գեղարքունիքի մարզ, գ.Լճաշեն, 22փ., 10, 1510",6,19000,Gegharkunik,3,89,nan,90,Town
Sevan,ՀՀ ԳԵՂԱՐՔՈՒՆԻՔԻ ՄԱՐԶԻ ՍԵՎԱՆ ՀԱՄԱՅՆՔԻ «ԴԴՄԱՇԵՆ ԲՆԱԿԱՎԱՅՐԻ ՄՍՈՒՐ-ՄԱՆԿԱՊԱՐՏԵԶ» ՀՈԱԿ,,"Հայաստան, ԳԵՂԱՐՔՈՒՆԻՔ, ՍԵՎԱՆ, ԴԴՄԱՇԵՆ ԲՆԱԿԱՎԱՅՐ, 1-ԻՆ ՓՈՂՈՑ, 2-ՐԴ ՓԱԿՈՒՂԻ , 1, 1501",5,19000,Gegharkunik,3,69,+374 93 501651,80,Town
Vaxarshapat,ՎԱՂԱՐՇԱՊԱՏԻ ՀԱՄԱՅՆՔԱՊԵՏԱՐԱՆԻ ԹԻՎ 1 «ՀԱՍՄԻԿ» ՄԱՆԿԱՊԱՐՏԵԶ,,"ՀՀ, Արմավիրի մարզ, ք. Էջմիածին, Պատկանյան 37/2",25,47446,Armavir,4,126,+374 231 53347,126,Small City
Vaxarshapat,ՎԱՂԱՐՇԱՊԱՏԻ ՀԱՄԱՅՆՔԱՊԵՏԱՐԱՆԻ ԹԻՎ 2 «ՇՈՒՇԱՆ» ՄԱՆԿԱՊԱՐՏԵԶ ՀՈԱԿ,,"ՀՀ, Արմավիրի մարզ, ք. Էջմիածին, Վազգեն Առաջին 68/1",22,47446,Armavir,6,182,+374 231 53803,188,Small City
Vaxarshapat,ՎԱՂԱՐՇԱՊԱՏԻ ՀԱՄԱՅՆՔԱՊԵՏԱՐԱՆԻ ԹԻՎ 3 «ԾԻԾԵՌՆԱԿ» ՄՍՈՒՐ-ՄԱՆԿԱՊԱՐՏԵԶ ՀՈԱԿ,,"ՀՀ, Արմավիրի մարզ, ք. Էջմիածին, Բաղրամյան 18/3",121,47446,Armavir,11,338,+374 231 55756,340,Small City
Vaxarshapat,ՎԱՂԱՐՇԱՊԱՏԻ ՀԱՄԱՅՆՔԱՊԵՏԱՐԱՆԻ ԹԻՎ 4 «ՁՆԾԱՂԻԿ» ՄՍՈՒՐ-ՄԱՆԿԱՊԱՐՏԵԶ ՀՈԱԿ,,"ՀՀ, Արմավիրի մարզ, ք. Էջմիածին, Լ. Ազգալդյան 7",104,47446,Armavir,10,310,+374 231 231 55361,313,Small City
Vaxarshapat,ՎԱՂԱՐՇԱՊԱՏԻ ՀԱՄԱՅՆՔԱՊԵՏԱՐԱՆԻ ԹԻՎ 5 «ԳԱՐՈՒՆ» ՄԱՆԿԱՊԱՐՏԵԶ ՀՈԱԿ,,"ՀՀ, Արմավիրի մարզ, ք. Էջմիածին, Չարենց 8/1",17,47446,Armavir,4,119,+374 231 57312,128,Small City
Vaxarshapat,ՎԱՂԱՐՇԱՊԱՏԻ ՀԱՄԱՅՆՔԱՊԵՏԱՐԱՆԻ ԹԻՎ 6 «ԱՐԵՎԻԿ» ՄՍՈՒՐ-ՄԱՆԿԱՊԱՐՏԵԶ ՀՈԱԿ,,"ՀՀ, Արմավիրի մարզ, ք. Էջմիածին, Մ. Մեխակյան 35/2",183,47446,Armavir,7,0,+374 231 54333,205,Small City
Vaxarshapat,ՎԱՂԱՐՇԱՊԱՏԻ ՀԱՄԱՅՆՔԱՊԵՏԱՐԱՆԻ ԹԻՎ 7 «ԶՎԱՐԹՆՈՑ» ՄԱՆԿԱՊԱՐՏԵԶ ՀՈԱԿ,,"ՀՀ, Արմավիրի մարզ, ք. Էջմիածին, Արագածի զանգված 20",0,47446,Armavir,4,95,+374 231 42677,120,Small City
Vaxarshapat,ՎԱՂԱՐՇԱՊԱՏԻ ՀԱՄԱՅՆՔԱՊԵՏԱՐԱՆԻ ԹԻՎ 8 «ՈՍՏԱՆ» ՄՍՈՒՐ-ՄԱՆԿԱՊԱՐՏԵԶ ՀՈԱԿ,,"ՀՀ, Արմավիրի մարզ, ք. Էջմիածին, Արագածի զանգված 21",20,47446,Armavir,7,212,+374 231 41990,219,Small City
Vaxarshapat,ՎԱՂԱՐՇԱՊԱՏԻ ՀԱՄԱՅՆՔԱՊԵՏԱՐԱՆԻ ԹԻՎ 9 «ԱԻԴԱ» ՄՍՈՒՐ- ՄԱՆԿԱՊԱՐՏԵԶ ՀՈԱԿ,,"ՀՀ, Արմավիրի մարզ, Վաղարշապատ համայնք, Մ․ Մանուշյան 4/5",10,47446,Armavir,4,96,nan,115,Small City
Vaxarshapat,ՎԱՂԱՐՇԱՊԱՏԻ ՀԱՄԱՅՆՔԱՊԵՏԱՐԱՆԻ ԹԻՎ 10 «ՈՍԿԵՀԱՏ» ՄԱՆԿԱՊԱՐՏԵԶ ՀՈԱԿ,,"ՀՀ, Արմավիրի մարզ, գ․ Ոսկեհատ, Մաշտոցի 39",0,47446,Armavir,2,56,+374 231-5-29-39,60,Small City
Artashat,«ԱՐՏԱՇԱՏ ՀԱՄԱՅՆՔԻ ԱՐՏԱՇԱՏ ՔԱՂԱՔԻ ԹԻՎ 8 ՄԱՆԿԱՊԱՐՏԵԶ» ՀՈԱԿ,,"Հայաստան, ԱՐԱՐԱՏ, ԱՐՏԱՇԱՏ, ԿԱՄՈՅԻ Փ., Տ 18/1, 0701",13,29040,Ararat,4,118,0235(25307),120,Small City
Artashat,«ԱՐՏԱՇԱՏ ՀԱՄԱՅՆՔԻ ԱՐՏԱՇԱՏ ՔԱՂԱՔԻ ԹԻՎ 7 ՄԱՆԿԱՊԱՐՏԵԶ» ՀՈԱԿ,,"Հայաստան, ԱՐԱՐԱՏ, ԱՐՏԱՇԱՏ, ՇԱՀՈՒՄՅԱՆ Փ., Շ 21, 0701",31,29040,Ararat,3,90,95-700767,91,Small City
Artashat,«ԱՐՏԱՇԱՏ ՀԱՄԱՅՆՔԻ ԱՐՏԱՇԱՏ ՔԱՂԱՔԻ ԹԻՎ 6 ՄԱՆԿԱՊԱՐՏԵԶ» ՀՈԱԿ,,"Հայաստան, ԱՐԱՐԱՏ, ԱՐՏԱՇԱՏ, Օրբելի Փ., Տ 79/1, 0701",0,29040,Ararat,0,0,077249086,0,Small City
Artashat,«ԱՐՏԱՇԱՏ ՀԱՄԱՅՆՔԻ ԱՐՏԱՇԱՏ ՔԱՂԱՔԻ ԹԻՎ 5 ՄՍՈՒՐ-ՄԱՆԿԱՊԱՐՏԵԶ» ՀՈԱԿ,,"Հայաստան, ԱՐԱՐԱՏ, ԱՐՏԱՇԱՏ, ՇԻՐՎԱՆԶԱԴԵ Փ., --- 17/1, 0701",164,29040,Ararat,7,203,+0235-26561,206,Small City
Artashat,«ԱՐՏԱՇԱՏ ՀԱՄԱՅՆՔԻ ԱՐՏԱՇԱՏ ՔԱՂԱՔԻ ԹԻՎ 4 ՄՍՈՒՐ-ՄԱՆԿԱՊԱՐՏԵԶ» ՀՈԱԿ,,"Հայաստան, ԱՐԱՐԱՏ, ԱՐՏԱՇԱՏ, ՀՐ. ԹՈՎՄԱՍՅԱՆ, Տ 13",148,29040,Ararat,11,292,023524588,303,Small City
Artashat,«ԱՐՏԱՇԱՏ ՀԱՄԱՅՆՔԻ ԳԵՏԱԶԱՏ ԳՅՈՒՂԻ ՄԱՆԿԱՊԱՐՏԵԶ» ՀՈԱԿ,,"Հայաստան, ԱՐԱՐԱՏ, ԳԵՏԱԶԱՏ, ԻՍԱՀԱԿՅԱՆ Փ., --- 14/1",3,29040,Ararat,2,55,094953899,55,Small City
Artashat,«ԱՐՏԱՇԱՏ ՀԱՄԱՅՆՔԻ ԱՐՏԱՇԱՏ ՔԱՂԱՔԻ ՊԱՐՈՒՅՐ ՍԵՎԱԿԻ ԱՆՎԱՆ ԹԻՎ 1 ՄԱՆԿԱՊԱՐՏԵԶ» ՀՈԱԿ,,"Հայաստան, ԱՐԱՐԱՏ, ԱՐՏԱՇԱՏ, ՆԱՐ- ԴՈՍԻ Փ., Տ 1",0,29040,Ararat,0,0,023523033,0,Small City
Artashat,«ԱՐՏԱՇԱՏ ՀԱՄԱՅՆՔԻ ՄԽՉՅԱՆ ԳՅՈՒՂԻ ՄԱՆԿԱՊԱՐՏԵԶ» ՀՈԱԿ,,"ՀՀ, Արարատի մարզ, Արտաշատ համայնքի, գյուղ Մխչյան,փող,",22,29040,Ararat,3,91,nan,91,Small City
Artashat,«ԱՐՏԱՇԱՏ ՀԱՄԱՅՆՔԻ ԲՅՈՒՐԱՎԱՆ ԳՅՈՒՂԻ ՄԱՆԿԱՊԱՐՏԵԶ» ՀՈԱԿ,,"Հայաստան, ԱՐԱՐԱՏ, ԲՅՈՒՐԱՎԱՆ, ՀՈՎՀ. ՇԻՐԱԶԻ Փ., --- 8, 0717",10,29040,Ararat,1,30,+37477635910,30,Small City
Artashat,«ԱՐՏԱՇԱՏ ՀԱՄԱՅՆՔԻ ԱՐՏԱՇԱՏ ՔԱՂԱՔԻ ԹԻՎ 3 ՄԱՆԿԱՊԱՐՏԵԶ» ՀՈԱԿ,,"Հայաստան, ԱՐԱՐԱՏ, ԱՐՏԱՇԱՏ, ԳՈԼԵՑՅԱՆ , Տ 9",16,29040,Ararat,5,148,093199589,150,Small City
Artashat,«ԱՐՏԱՇԱՏ ՀԱՄԱՅՆՔԻ ԱԶԱՏԱՎԱՆ ԳՅՈՒՂԻ ՄԱՆԿԱՊԱՐՏԵԶ» ՀՈԱԿ,,"Հայաստան, ԱՐԱՐԱՏ, ԱԶԱՏԱՎԱՆ, Վ.Փափազյան Փ., --- 8",22,29040,Ararat,3,88,099888822,90,Small City
Artashat,«ԱՐՏԱՇԱՏ ՀԱՄԱՅՆՔԻ ՆՇԱՎԱՆ ԳՅՈՒՂԻ ՄԱՆԿԱՊԱՐՏԵԶ» ՀՈԱԿ,,"Հայաստան, ԱՐԱՐԱՏ, ՆՇԱՎԱՆ, ԼԵՆԻՆԻ Փ., --- 8",5,29040,Ararat,3,91,25970,91,Small City
Artashat,«ԱՐՏԱՇԱՏ ՀԱՄԱՅՆՔԻ ԱԲՈՎՅԱՆ ԳՅՈՒՂԻ ՄԱՆԿԱՊԱՐՏԵԶ» ՀՈԱԿ,,"Հայաստան, ԱՐԱՐԱՏ, ԱԲՈՎՅԱՆ, Ս. ԹԵՀԼԵՐՅԱՆ Փ., --- 1/1, 0707",18,29040,Ararat,3,87,-,87,Small City
Artashat,«ԱՐՏԱՇԱՏ ՀԱՄԱՅՆՔԻ ՄՐԳԱՎԵՏ ԳՅՈՒՂԻ ՄԱՆԿԱՊԱՐՏԵԶ» ՀՈԱԿ,,"Հայաստան, ԱՐԱՐԱՏ, ՄՐԳԱՎԵՏ, Կամոյի, --- 33",23,29040,Ararat,3,93,077111777,93,Small City
Artashat,«ԱՐՏԱՇԱՏ ՀԱՄԱՅՆՔԻ ՀՈՎՏԱՇԵՆ ԳՅՈՒՂԻ ՄԱՆԿԱՊԱՐՏԵԶ» ՀՈԱԿ,,"ՀՀ,Արարատի մարզ,Արտաշատ համայնք,գյուղ Հովտաշեն, Բարեկամության 21",3,29040,Ararat,1,30,nan,30,Small City
Artashat,«ԱՐՏԱՇԱՏ ՀԱՄԱՅՆՔԻ ԱՐԵՎՇԱՏ ԳՅՈՒՂԻ ՄԱՆԿԱՊԱՐՏԵԶ» ՀՈԱԿ,,"Հայաստան, ԱՐԱՐԱՏ, ԱՐԵՎՇԱՏ, ՄԽՉՅԱՆ Փ., --- 14/3",22,29040,Ararat,2,60,098864505,60,Small City
Artashat,«ԱՐՏԱՇԱՏ ՀԱՄԱՅՆՔԻ ՎԵՐԻՆ ԱՐՏԱՇԱՏ ԳՅՈՒՂԻ «ԼՈՒՍՆԹԱԳ» ՄՍՈՒՐ-ՄԱՆԿԱՊԱՐՏԵԶ» ՀՈԱԿ,,"ՀՀ,Արարատի մարզ ,Արտաշատ համայնք,գյուղ Վ.Արտաշատ,",47,29040,Ararat,5,145,+374 93 948981,146,Small City
Artashat,«ԱՐՏԱՇԱՏ ՀԱՄԱՅՆՔԻ ԲԱՂՐԱՄՅԱՆ ԳՅՈՒՂԻ ՄԱՆԿԱՊԱՐՏԵԶ» ՀՈԱԿ,,"Հայաստան, Արարատ, գ.Բաղրամյան, Շահումյան, 18ա, 0713",25,29040,Ararat,2,60,023520444,60,Small City
Artashat,«ԱՐՏԱՇԱՏ ՀԱՄԱՅՆՔԻ ԴԻՏԱԿ ԳՅՈՒՂԻ ՄԱՆԿԱՊԱՐՏԵԶ» ՀՈԱԿ,,"ՀՀ,Արարատի մարզ,Արտաշատ համայնք,գյուղ Դիտակ,Ն․Սարգսյան 2",18,29040,Ararat,1,30,nan,30,Small City
Artashat,<<ԱՐՏԱՇԱՏ ՀԱՄԱՅՆՔԻ ԱՅԳԵՍՏԱՆ ԳՅՈՒՂԻ ՄՍՈՒՐ-ՄԱՆԿԱՊԱՐՏԵԶ>> ՀՈԱԿ,,"ՀՀ,Արարատի մարզ,Արտաշատ համայնք,գյուղ Այգեստան ,Մարգարյան 35,",42,29040,Ararat,4,113,nan,113,Small City
Artashat,«ԱՐՏԱՇԱՏ ՀԱՄԱՅՆՔԻ ԿԱՆԱՉՈՒՏ ԳՅՈՒՂԻ ՄԱՆԿԱՊԱՐՏԵԶ» ՀՈԱԿ,,"ՀՀ,Արարատի մարզ ,Արտաշատ համայնք,գյուղ Կանաչուտ ,Պ.Սևակի / 13ա",7,29040,Ararat,1,30,nan,30,Small City
Artashat,«ԱՐՏԱՇԱՏ ՀԱՄԱՅՆՔԻ ՆԱՐԵԿ ԳՅՈՒՂԻ «ԱՐԵՎԻԿ» ՄՍՈՒՐ-ՄԱՆԿԱՊԱՐՏԵԶ» ՀՈԱԿ,,"ՀՀ,Արարատի մարզ ,Արտաշատ համայնք,գյուղ Նարեկ Միկոյան փ. 14",0,29040,Ararat,3,65,nan,80,Small City
Artashat,«ԱՐՏԱՇԱՏ ՀԱՄԱՅՆՔԻ ԴԻՄԻՏՐՈՎ ԳՅՈՒՂԻ ՄԱՆԿԱՊԱՐՏԵԶ» ՀՈԱԿ,,"Հայաստան, ԱՐԱՐԱՏ, ԴԻՄԻՏՐՈՎ, ՄԱՅԱԿՈՎՍԿՈՒ ՓՈՂՈՑ, --- 43/2, 0722",13,29040,Ararat,1,30,-,30,Small City
Artashat,«ԱՐՏԱՇԱՏ ՀԱՄԱՅՆՔԻ ՄՐԳԱՎԱՆ ԳՅՈՒՂԻ ՄԱՆԿԱՊԱՐՏԵԶ» ՀՈԱԿ,,"Հայաստան, ԱՐԱՐԱՏ, ՄՐԳԱՎԱՆ, ԱՐՏԱՇԱՏ ՀԱՄԱՅՆՔ, Մ. ԳՐԻԳՈՐՅԱՆ Փ., --- 58",9,29040,Ararat,2,46,93-331745,46,Small City
Artashat,«ԱՐՏԱՇԱՏ ՀԱՄԱՅՆՔԻ ԴԱԼԱՐ ԳՅՈՒՂԻ ՄԱՆԿԱՊԱՐՏԵԶ» ՀՈԱԿ,,"Հայաստան, ԱՐԱՐԱՏ, ԴԱԼԱՐ, Պ. ՍԵՎԱԿԻ Փ., --- 13/1",10,29040,Ararat,2,52,093646505,60,Small City
Artashat,«ԱՐՏԱՇԱՏ ՀԱՄԱՅՆՔԻ ՈՍՏԱՆ ԳՅՈՒՂԻ ՄԱՆԿԱՊԱՐՏԵԶ» ՀՈԱԿ,,"Հայաստան, ԱՐԱՐԱՏ, ՈՍՏԱՆ, Տիգրան Մեծի փ. , --- 3",18,29040,Ararat,2,0,98-883874,62,Small City
Artashat,«ԱՐՏԱՇԱՏ ՀԱՄԱՅՆՔԻ ՔԱՂՑՐԱՇԵՆ ԳՅՈՒՂԻ ԱԼԼԱ ԳՐԻԳՈՐՅԱՆԻ ԱՆՎԱՆ ՄՍՈՒՐ-ՄԱՆԿԱՊԱՐՏԵԶ» ՀՈԱԿ,,"Հայաստան, ԱՐԱՐԱՏ, ՔԱՂՑՐԱՇԵՆ, Դուրյան , --- 38",1,29040,Ararat,5,130,077804288,135,Small City
Artashat,<<ԱՐՏԱՇԱՏ ՀԱՄԱՅՆՔԻ ԲԱՐՁՐԱՇԵՆ ԳՅՈՒՂԻ ՄԱՆԿԱՊԱՐՏԵԶ>> ՀՈԱԿ,,"ՀՀ,Արարատի մարզ,Արտաշատ համայնք,գյուղ Բարձրաշեն , Մյասնիկյան փ 5",7,29040,Ararat,2,49,nan,60,Small City
Artashat,«ԱՐՏԱՇԱՏ ՀԱՄԱՅՆՔԻ ՆՈՐԱՇԵՆ ԳՅՈՒՂԻ «ԱՐԵՎԻԿ» ՄԱՆԿԱՊԱՐՏԵԶ» ՀՈԱԿ,,"Հայաստան, ԱՐԱՐԱՏ, ՆՈՐԱՇԵՆ, Արտաշատ համայնք Տերյան, --- 3",25,29040,Ararat,3,0,099880800,90,Small City
Artashat,«ԱՐՏԱՇԱՏ ՀԱՄԱՅՆՔԻ ԱՅԳԵԶԱՐԴ ԳՅՈՒՂԻ ՄԱՆԿԱՊԱՐՏԵԶ» ՀՈԱԿ,,"ՀՀ,Արարատի մարզ,Արտաշատ համայնք,գյուղ Այգեզարդ,Իսահակյան փ. 8",8,29040,Ararat,3,90,nan,91,Small City
Artashat,«ԱՐՏԱՇԱՏ ՀԱՄԱՅՆՔԻ ԴՎԻՆ ԳՅՈՒՂԻ ՄԱՆԿԱՊԱՐՏԵԶ» ՀՈԱԿ,,"Հայաստան, ԱՐԱՐԱՏ, ԴՎԻՆ, Գուրգենի, --- 21",3,29040,Ararat,2,55,077013315,61,Small City
Artashat,«ԱՐՏԱՇԱՏ ՀԱՄԱՅՆՔԻ ՇԱՀՈՒՄՅԱՆ ԳՅՈՒՂԻ ՄԱՆԿԱՊԱՐՏԵԶ» ՀՈԱԿ,,"Հայաստան, ԱՐԱՐԱՏ, ՇԱՀՈՒՄՅԱՆ, Արտակ Համբարձումյան, --- 9",12,29040,Ararat,3,91,093313773,92,Small City
